[
    {
        "id": 1,
        "inicio": "2020-03-10",
        "fin": "2020-07-28",
        "dias": ["Martes", "Jueves"],
        "mensaje": "(Martes Presencial y Jueves Remota)",
        "horario": "18:30 a 22:00 hs",
        "sede": "Mendoza, MDZ",
        "matricula": "5000",
        "matriculaDescuento": "50",
        "costo": "1500",
        "costoDescuento": "10"
    },
    {
        "id": 2,
        "inicio": "2020-01-12",
        "fin": "2020-06-20",
        "dias": ["Lunes", "Martes", "Jueves"],
        "mensaje": "Lunes de 09:00 a 12:00 hs",
        "horario": "18:30 a 22:00 hs",
        "sede": "Belgrano, CABA",
        "matricula": "10000",
        "matriculaDescuento": "90",
        "costo": "1500",
        "costoDescuento": "50"
    },
    {
        "id": 3,
        "inicio": "2020-04-10",
        "fin": "2020-08-28",
        "dias": ["Martes", "Viernes"],
        "mensaje": "(Martes Presencial y Jueves Remota)",
        "horario": "18:30 a 22:00 hs",
        "sede": "Centro, CABA",
        "matricula": "4000",
        "matriculaDescuento": "10",
        "costo": "2500",
        "costoDescuento": "20"
    },
    {
        "id": 4,
        "inicio": "2020-03-10",
        "fin": "2020-07-28",
        "dias": ["Martes", "Jueves"],
        "mensaje": "(Martes Presencial y Jueves Remota)",
        "horario": "18:30 a 22:00 hs",
        "sede": "Mendoza, MDZ",
        "matricula": "5000",
        "matriculaDescuento": "50",
        "costo": "1500",
        "costoDescuento": "10"
    },
    {
        "id": 5,
        "inicio": "2020-06-12",
        "fin": "2020-12-1",
        "dias": ["Lunes", "Martes", "Jueves"],
        "mensaje": "Lunes de 09:00 a 12:00 hs",
        "horario": "18:30 a 22:00 hs",
        "sede": "Belgrano, CABA",
        "matricula": "10000",
        "matriculaDescuento": "90",
        "costo": "500",
        "costoDescuento": "0"
    },
    {
        "id": 6,
        "inicio": "2020-04-10",
        "fin": "2020-12-28",
        "dias": ["Martes", "Viernes"],
        "mensaje": "(Martes Presencial y Jueves Remota)",
        "horario": "18:30 a 22:00 hs",
        "sede": "Centro, CABA",
        "matricula": "2000",
        "matriculaDescuento": "0",
        "costo": "2500",
        "costoDescuento": "20"
    }
]